{"indexes":[{"v":{"$numberInt":"2"},"key":{"_id":{"$numberInt":"1"}},"name":"_id_"},{"v":{"$numberInt":"2"},"key":{"email":{"$numberInt":"1"}},"name":"email_1","background":true,"unique":true},{"v":{"$numberInt":"2"},"key":{"mobileNumber":{"$numberInt":"1"}},"name":"mobileNumber_1","background":true,"unique":true},{"v":{"$numberInt":"2"},"key":{"panUserName":{"$numberInt":"1"}},"name":"panUserName_1","background":true,"unique":true}],"uuid":"27a24d392c7140e0b091c53427f0e946","collectionName":"mfusers","type":"collection"}